<?xml version="1.0" encoding="UTF-8"?>
<project-private xmlns="http://www.netbeans.org/ns/project-private/1">
    <editor-bookmarks xmlns="http://www.netbeans.org/ns/editor-bookmarks/2" lastBookmarkId="0"/>
    <open-files xmlns="http://www.netbeans.org/ns/projectui-open-files/2">
        <group>
            <file>file:/C:/Users/CPaduraru/Dropbox/LearnForInterview/Courses/Advanced%20object%20oriented%20programming/Lab4/RMI_Sockets_Server/src/rmi_sockets_server/MathOp.java</file>
            <file>file:/C:/Users/CPaduraru/Dropbox/LearnForInterview/Courses/Advanced%20object%20oriented%20programming/Lab4/RMI_Sockets_Server/src/rmi_sockets_server/RMI_Sockets_Server.java</file>
        </group>
    </open-files>
</project-private>
